,PRODUCTID,CATEGORYNAME,PRODUCTNAME,PRODUCTDESC,PRODUCTCOLOR,PRODUCTWIDTH,PRODUCTHEIGHT,PRODUCTDEPTH,PRODUCTWEIGHT,PRODUCTPRICE,PRODUCTWARRANTY,MATERIALTYPE,SUPPLIERID,SUPPLIERNAME,SUPPLIERLOCATION,PICTUREURL,PRODUCTRATING
1,FR-3106353,Chair,TechED King Pink Chair,Pink Velvette Leather with comfortable padding 42 inch wide x 58 inch deep x 76 inch high  Chair Comes with standard 1 Year warranty. Luxury Club Chair. This is great for the home or the office. Comfortable padding. This chair will exceed your expectations at every level.,Pink,42,76,58,25,119.99,1,Wood/Fabric,SP-201230,TechEd_YoYo Mart,Berlin,TE_Chair1.jpg,
2,FR-3106354,Chair,TechED Cool Umbrella Chair,,Grey,42,96,72,30,99.99,1,Alloy/Wood,SP-202289,TechEd_Wood Supplies,,TE_Chair2.jpg,
3,FR-3106355,Chair,TechED Blue Lite Chair,,Blue,32,64,60,18,89.99,1,Wood/Fabric,SP-430009,TechEd_Furn Makers,,TE_Chair3.jpg,
4,FR-3106356,Chair,TechED Royal Red Chair,Red Leather with comfortable padding 46 inch wide x 61 inch deep x 79 inch high  Chair Comes with standard 1 Year warranty. Luxury Club Chair. This is great for the home or the office. Comfortable padding. This chair will exceed your expectations at every level.,Red,46,79,61,22,139.99,1,Wood/Leather,SP-298004,TechEd_Dream Furnitures,,TE_Chair4.jpg,
5,FR-3204562,Sofa,TechED Grey Sofa,,Grey,92,72,62,122,649.99,2,Foam/Wood,SP-201230,TechEd_YoYo Mart,,TE_Sofa1.jpg,
6,FR-3204563,Sofa,TechED Beige Sofa,,Beige,82,76,59,132,729.99,2,Foam/Wood,SP-202289,TechEd_Wood Supplies,,TE_Sofa2.jpg,
7,FR-3204564,Sofa,TechED Red Sofa,,Red,98,78,68,124,579.99,2,Foam/Wood,SP-430009,TechEd_Furn Makers,,TE_Sofa3.jpg,
8,FR-3204565,Sofa,TechED Blue Sofa,,Blue,68,68,66,112,899.99,2,Foam/Wood,SP-298004,TechEd_Dream Furnitures,,TE_Sofa4.jpg,
9,FR-3303234,Dining Table,TechED Dark Br Dining Table,,Dark Brown,62,88,,60,129.99,3,Wood,SP-201230,TechEd_YoYo Mart,,TE_Table1.jpg,
10,FR-3303235,Dining Table,TechED Brown Dining Table,,Brown,68,78,,66,149.99,3,Wood,SP-202289,TechEd_Wood Supplies,,TE_Table2.jpg,
11,FR-3303236,Dining Table,TechED White Dining Table,,White,66,69,,64,99.99,3,Polymer,SP-430009,TechEd_Furn Makers,,TE_Table3.jpg,
12,FR-3303237,Dining Table,TechED Black Dining Table,,Black,64,72,,58,119.99,3,Rose Wood,SP-298004,TechEd_Dream Furnitures,,TE_Table4.jpg,